,0,1
0,0.5994489429538851,0.14344145040646253
1,0.6991769583055787,0.10745899345797894
2,0.560343459813061,0.18567642357026126
3,0.5625728074845784,0.08964199181193784
4,0.08425796143095662,0.8322609481470777
5,0.20384446284054594,0.7818549249900403
6,0.9822820677917916,0.3771622837842302
7,0.22926625271327275,0.8468606115810807
8,0.545432435900187,0.6568691456587582
9,0.6288398688750907,0.6954544713828156
10,0.6459890506771054,0.012966865566129956
11,0.4324064881968634,0.1583481400461546
12,0.31667730617901396,0.6488977258458225
13,0.38289692851536367,0.8407915422851179
14,0.19016395080714105,0.7635939528216322
15,1.0713134122192396,0.36015439631415525
16,1.0025293964636919,0.5734808817772394
17,0.8534285942264831,0.45575738260682425
18,0.11538096970286338,0.6357980453550208
19,0.16893846916825372,0.7750185628562566
20,0.056922657678534064,0.8496482032180722
21,0.4444187483593107,-0.023385841737873045
22,1.0801518136587092,0.42889802417025064
23,0.40894004181227794,0.8638651291184495
24,0.12494180909812741,0.7229715651882649
25,0.4943036680153832,0.7905652833730927
26,0.9159440620069637,0.5326558409096882
27,0.32636017967273234,0.07608116184874512
28,0.17241593573530778,0.8359965094636091
29,0.3895404431509767,0.1303478196325419
30,0.046337165641174426,0.909607311512782
31,-0.08441299380733838,0.8772080710394284
32,0.4160054008605978,0.7760405995423318
33,0.9999770907612772,0.5807624137636986
34,0.4932988018612202,0.10357827186392646
35,-0.03520847643814547,0.7445356748489783
36,0.5608749427508744,0.9398923841654172
37,0.9263934865207307,0.5447162135908643
38,0.4045958955299602,0.6843788892494306
39,0.9863705695083782,0.4840499102876391
40,0.8951293261859848,0.542982114434553
41,0.034281657193221036,0.8825559253213913
42,0.3658622296821965,0.5672655933024418
43,0.5854871075831851,0.1712264895454358
44,0.4836752795042585,0.02880016872731972
45,-0.04866306764608447,0.6301599603973869
46,1.0813009298871732,0.5938556722386388
47,0.09019929687050451,0.6180918913205693
48,0.009836732025584827,0.641539162089684
49,0.3910194002583019,0.5909484170561196
50,0.9477947234426075,0.600145803953902
51,0.42797182664688727,0.7246480297891723
52,0.06721016277068038,0.8753303130123211
53,0.6006818986793439,-0.08666501682112782
54,0.39731718921172127,0.8079574892647812
55,0.8479177241097765,0.5496585769115044
56,0.5045064256893288,0.6482627562727644
57,0.4048904772512844,0.7978665013837533
58,0.40543895697169563,0.6727277809470487
59,0.3924875267787475,0.7104091981291596
60,0.9186243330917475,0.4182666672955103
61,0.4208600015854611,0.10273759892342788
62,0.4473639072754052,0.10316264237155173
63,-0.03606495327145001,0.7209425456318882
64,0.3652909297533907,0.6581992122108912
65,0.4941268846182383,0.6746195207785008
66,1.0496114693611893,0.6098287095116922
67,0.41833730621337056,0.680200743004919
68,0.4233673279997674,0.0655054946714774
69,0.005202969761603116,0.8295313344640222
70,0.30852624304505405,0.7531596487682936
71,0.24587256290960624,0.7580773143614832
72,0.30678316703243186,0.5220004278704079
73,1.0658031121871852,0.5017046440166109
74,0.0109043749159419,0.660256513633035
75,0.15384119042500655,0.7558233706295511
76,0.4596225767487616,0.008043223355035253
77,0.5006721658781916,0.7083253347195215
78,0.43476031182015834,0.03015491302217778
79,0.4953145456364146,0.5292671697514293
80,0.13311447810675536,0.7046350725979682
81,0.5045246528809509,0.8514297212652637
82,0.3338928285013669,0.5936443067630972
83,0.11596473994824542,0.8970581372611665
84,-0.08783500764990476,0.8970188915735219
85,0.9144083443222512,0.5105494462122545
86,0.04628891569394086,0.6619205828942941
87,0.44075398692114987,0.6094712463000765
88,0.042096587031270866,0.7327261270267624
89,0.4463232249680316,0.8531227839700621
90,0.4215834050462565,0.8037189372860052
91,0.027690566867387786,0.8028667682947124
92,0.5697351263418267,0.7411341126845874
93,0.42590722623170585,0.10306765832740325
94,0.12552273529143898,0.7768679072459739
95,0.2663728560968751,0.07983981226554906
96,0.18232084431594456,0.5004403160646564
97,0.9561457377301377,0.5577414355811259
98,0.9010631710930035,0.5411446452432428
99,0.922069802806784,0.4714506715451281
100,0.6352676020857491,0.008794720848357113
101,0.5088038435548269,-0.036537212278167405
102,0.5317335971767173,0.7842734681119233
103,0.42712154152601717,0.6308907237042118
104,0.5232403667157729,0.00019625258780348043
105,0.5389026776921323,-0.06704004241758638
106,0.24808129433998072,0.7341061129515137
107,0.8853710753844791,0.7000362336790757
108,0.38143374901230453,0.5842194395182263
109,0.9142648247535847,0.35607805809010407
110,0.5090645791932646,0.6627969998090559
111,0.38649593122951925,0.7683939220131577
112,0.5183782051401833,0.6341650258355925
113,0.9560205728986914,0.2129443467248977
114,0.13562110455494675,0.7499359868426027
115,-0.012196204484016912,0.7512030023247184
116,0.4689229610178198,0.6830756329769304
117,0.5086790460379118,0.009526259879659882
118,0.47815898800618395,0.021144583542925095
119,0.18190311929041103,0.8365070411028552
120,0.3130913996300272,0.08484034340012123
121,0.7044520158903871,0.08375760151214899
122,-0.10056888063401187,0.7576237765955645
123,-0.03149020005111339,0.596676195567257
124,0.3440263931644762,0.5974461657258806
125,1.1091217004612495,0.687251319327489
126,0.9397773059391287,0.596736730145624
127,0.13176632056314597,0.7923068827688184
128,-0.04704410499879913,0.7982088624015913
129,0.9627616052070681,0.7019708934326595
130,0.429562564629714,0.5995404741838533
131,0.6893184702265128,0.23727123071034117
132,0.39747006876894625,0.8560398699410334
133,0.03942644252917254,0.5892818043870678
134,0.4935644898265623,0.12294545450425653
135,0.9374871871859317,0.42404107294585086
136,0.24226441697066503,0.7062513750821379
137,0.3838753303578611,0.7493642407390555
138,1.0176782372823623,0.5211918123935431
139,0.6024526157998492,0.016998247512362064
140,-0.010101021043490699,0.7184708758920889
141,1.0229097902212694,0.6442316230753475
142,0.7470020529201222,0.17458953335909036
143,0.46519217932547563,0.5587561433808825
144,0.4147339372071906,-0.04344132157117847
145,0.11841298586922647,0.6807925663995167
146,0.08015008146747678,0.8289010059533073
147,0.5191165536243671,0.10644434941830092
148,0.43369122220340667,-0.045436442215092424
149,0.06872690274336539,0.8580489733451638
150,-0.06980961528786875,0.8969649447745316
151,0.47542840851370816,0.05100324051059439
152,0.10375428174995353,0.6272663390531306
153,0.5902889505696406,0.830393040309154
154,0.9598204862396019,0.6357695206782649
155,0.9650506819793722,0.5951569352299032
156,1.0658362608268193,0.37744684897806635
157,-0.05234341637025938,0.8065948840114244
158,0.9568951268653669,0.3628249584813784
159,0.12385424485541871,0.7225913670851627
160,0.9409009342787176,0.5546770009213023
161,0.5030463598073479,0.7256118169045611
162,0.9110968493923275,0.456828051111068
163,0.44394701131033765,0.04277012542316436
164,0.5823309826265295,0.246414503187398
165,0.1736176044519775,0.7896207487957411
166,0.46327932375080744,0.15866840221421155
167,0.49693598083920826,0.12151520100172004
168,0.5268994598937062,0.200805120601614
169,0.9511100739580611,0.5409301444475446
170,0.468813314265072,0.059499406330438466
171,0.4480378327496682,0.6769116446282091
172,0.36241500844623303,0.7189097876307768
173,0.46063995583467787,0.07429445171218373
174,0.35077698858961337,0.5455343064120256
175,0.05435883892285709,0.7571935272644845
176,0.32497702765085795,0.6180807633195312
177,0.5643138383249168,0.8249498507297519
178,0.019462703894480703,0.7373393519906015
179,-0.1002357773918755,0.8176246280461362
180,0.5143327026526007,0.2190601395145842
181,0.4622800943426452,0.7285982998579791
182,-0.06518629250177485,0.7153010616628331
183,0.5135759763475451,0.8779689689894579
184,0.4156290340040625,0.0820379300379333
185,0.3964033964108413,0.08365912038420215
186,0.15237428641706785,0.7710123303591122
187,1.0206629490169783,0.4353319388515412
188,1.0738569526200323,0.44125365036100866
189,0.2045175518757294,0.6847997464313416
190,0.5639452874357505,0.6188578845563444
191,0.5983724744339256,0.6985167277378321
192,0.5339449189908705,0.01294238381118959
193,1.0775393208895072,0.48819298910278464
194,0.017532850978977853,0.5676838450368454
195,-0.07053255283559948,0.7786064179006855
196,0.106376330876248,0.9018506806369775
197,0.41464380408947676,0.7156091498279575
198,0.3654958625822252,0.7341260990928928
199,0.9451760531817857,0.4173539610811145
200,0.8020994600752068,0.5011058758477649
201,0.4158123257748893,0.873497057247562
202,0.3071544374618824,0.09711246410965704
203,0.05777223545878521,0.8237692665156965
204,0.822219248413858,0.6861865670571874
205,1.0631189948900202,0.43723910137028155
206,0.8791507539195845,0.615088591110921
207,1.0430394477278637,0.5709794675591728
208,0.457274254038478,0.8528088582394873
209,1.075797164953541,0.5420829435710858
210,0.10631967994703653,0.8609956208188665
211,0.9048895250236668,0.4584743257655756
212,0.42841214164841723,0.13125625608955035
213,0.3741061547038127,0.6791745051643613
214,1.0872776189393,0.7417881182822503
215,1.0700809043765163,0.41928059734821055
216,0.33580147516966885,0.691301692628606
217,0.44751367466191266,0.01910372979413741
218,0.09413731353455321,0.953953421779397
219,0.5329110801857804,0.14833798768547124
220,0.437214016805371,0.09186630568456873
221,0.4727789793992309,0.11805255143747714
222,0.47871954772196873,0.17392870942489536
223,0.3406293335203475,0.7268665147551557
224,0.4725030380445438,0.026078943477039214
225,0.11546285872421524,0.6356066265400208
226,0.46076224213888506,0.1363102097191213
227,0.6108738210637392,0.8282183435441539
228,0.3675777988525874,0.10619577688127887
229,0.8814404582213557,0.5399982039718009
230,0.8756077304552413,0.6467265474541306
231,0.16038161358831077,0.7619201521148796
232,0.0858793863306078,0.7559148144378468
233,0.3864433839611138,0.17375342188524534
234,1.0678824094149908,0.41034281589945376
235,0.5073591642090935,0.6089573731591105
236,0.876654810449983,0.6123435711498293
237,1.0779678919387008,0.4526785730965573
238,0.41495921271322406,0.10254929825552861
239,-0.07932047531091205,0.8557913122955632
240,0.41899309998868295,0.607548090446132
241,0.5381855256373135,0.6134223319470817
242,0.8363740216056784,0.4824492836734311
243,0.9526117854061831,0.4703415544376701
244,0.5316527404530248,-0.03394841684545982
245,0.543477288908736,0.810168071386945
246,1.0327538724280456,0.5673119136327447
247,0.4636532061511816,0.1368399228602004
248,0.5455790584832356,0.09161810983671817
249,0.36084639100595545,0.031168851081682096
250,1.0253460687459073,0.6270838895011922
251,0.4987273263761452,0.1539529104505473
252,0.9620184641453089,0.553621966187491
253,0.49457860904173107,0.21458452612267284
254,-0.05615584418416594,0.8464391607358858
255,0.8965870687862328,0.5876303297608954
256,0.4470690273837078,0.026918691749288938
257,0.8408022521354649,0.3840085358790375
258,0.22607220093371552,0.7516552686325766
259,0.387417953201411,0.880251759140444
260,0.1239420593996824,0.8911478408060228
261,0.39159167396411065,0.7573556726044535
262,0.03319917376984319,0.7156178090899183
263,0.05028189710626962,0.803064771079365
264,0.40163605961820603,0.6691180505187773
265,0.44258821135821796,0.7699702370851353
266,0.19083988122092047,0.7451983739927124
267,0.9936752875189838,0.41415860676219834
268,0.12428682412507314,0.6993036968864876
269,0.42595901068268005,0.09273364279072369
270,1.0260734915884906,0.5628688991103052
271,0.4175907676374114,0.8265687206443831
272,0.535912180812102,0.013142610407677509
273,-0.06640918665575887,0.8523061157600612
274,0.07775718387158483,0.6005539180600767
275,0.533947131730549,-0.0029974029580774747
276,0.0631672844126953,0.8648104559428428
277,0.013765391977281202,0.7627639661205425
278,1.0136697591589476,0.4218827416406292
279,0.5240311022503085,0.723403859970616
280,0.9890601607154166,0.42912331633613787
281,0.08597574769038681,0.6963015552353281
282,0.4695103104042855,0.7307795372122348
283,0.4924973086258009,0.03335803249438329
284,0.4016694952762086,0.7684802756948479
285,1.0043307183271222,0.5280179820651709
286,0.5281804409663164,0.6359326041944673
287,1.053540635806778,0.5031493695264767
288,0.037965977080805915,0.6909331061380397
289,0.10324945242474587,0.7274583303000294
290,0.011497760084721156,0.9546765161749791
291,0.4366753318249616,0.02819163099297916
292,0.008943770636349782,0.7743320472351072
293,1.0933348738077329,0.6598818802257492
294,1.1050508774757857,0.4600605784387387
295,0.2623138565966717,0.6301914280044552
296,0.40960862253886043,-0.16425313649329876
297,0.6371347713377004,0.16888746896897489
298,1.0399282226696698,0.627721810951504
299,0.10928327418672981,0.7625364339384333
300,1.0612403180577954,0.6388705175099668
301,0.07439765021195101,0.842755595870493
302,0.4132731168279261,0.07355438599937095
303,0.5550325460395105,0.6801327932267193
304,0.025984090951847644,0.84383010883052
305,0.44647171404838987,0.6754598773350555
306,0.44508098772475085,0.1417250446870338
307,0.5258336788640214,0.5991919736252811
308,0.9832074613343854,0.5247263958541647
309,1.0768315701335305,0.4123661900017496
310,0.6492938146067402,0.060625390400267445
311,0.1499460860388038,0.6626271358120976
312,0.05629286309128557,0.7013476637951458
313,0.5992724329819369,0.7182468152971156
314,0.05961331570079842,0.7569383989710374
315,0.3357884648288785,0.6351424394424298
316,0.5133601693789969,0.02019330338625762
317,-0.11888952048055534,0.8172518706217834
318,0.12517083096322573,0.8161377923352239
319,0.555691720376509,-0.2033383920143234
320,0.8227403865590537,0.42053328688882274
321,0.2939604705505059,0.23898421131460115
322,0.4893694164818684,0.11318287537229565
323,-0.030780961425529885,0.6986979340969407
324,0.08234287416080743,0.8774970547496228
325,0.6280929894476748,0.8133360927953459
326,-0.016624092136666685,0.8210984753517125
327,0.055955609368930306,0.5507767943306341
328,0.4604925024999279,0.06986257134953106
329,0.46566963264477973,0.029553243579323776
330,0.8936717507510453,0.49505765013044933
331,0.9411534417299323,0.49042605184251364
332,0.5693978160494859,0.09265894233658781
333,0.9266985107554372,0.6175757388208802
334,0.8887935011933547,0.5722337395025288
335,0.8173897995724985,0.4408581552020644
336,0.17019346626982446,0.7946253785502738
337,0.5747315702974995,0.7274581589980347
338,0.37978219886339104,0.7267680518805951
339,0.9276207934617151,0.5635144871360245
340,1.116326459977464,0.641220658361996
341,0.9941220580688858,0.5458911430450429
342,0.023222914181493255,0.6677225534195567
343,0.14177885974426818,0.8693540227221679
344,0.05203338150670251,0.6345946509910355
345,0.3724062562452751,0.670669794146529
346,0.07030814507208899,0.8586873264014218
347,0.8260757110215933,0.43141320184788645
348,0.3758398964625035,0.8252067303174492
349,0.5720912345413666,0.11215212385706634
350,0.03726964123780082,0.6953265285273338
351,0.40602628582679867,0.05337597677392369
352,0.4652640804524466,0.5679967089229098
353,0.4113904860383767,-0.09235309353681775
354,0.47602525128117346,0.6738004865135899
355,0.3898144305460288,0.039904947487473724
356,0.9734272674991145,0.5895409338161043
357,0.06799705878549636,0.7871695606036175
358,0.9079962822501535,0.691495375322128
359,0.8852279106477519,0.7572476130044523
360,0.6340612698787895,0.49850205592067154
361,0.9442158746142539,0.5102010359992353
362,0.8379967109150639,0.5996539810173998
363,0.45292536456871946,0.6522124031038443
364,0.963601081255021,0.6115668839973362
365,-0.08251655626508225,0.8057160757444004
366,0.20512864524979654,0.721092511633884
367,0.4365085645614768,0.6594513902393859
368,0.41170176761257554,0.16907837468388098
369,0.5197687863202854,0.7104005730985729
370,0.9941820407457677,0.546994018457547
371,0.8529483162255816,0.439911289068738
372,0.4618410369639034,0.7160035654373867
373,0.7925212250175389,0.7455046272093525
374,0.7925900254654287,0.6516350600059682
375,0.44328624685245716,0.620211683996802
376,0.13592234469878567,0.77449977363786
377,0.4863334488913283,0.06560131634372783
378,1.0683678857520729,0.5166932422807192
379,-0.059038466016751945,0.6856515565758492
380,0.04897000874937919,0.6975727838384953
381,0.48811440236830894,0.7611144710103178
382,0.07462533484345092,0.6609437917742573
383,-0.037405389442562734,0.7482322469178471
384,0.5451842670449165,0.8322486022507906
385,1.1141547699815628,0.7081409232108862
386,0.41229196809305874,0.6158664838940301
387,0.3918549143744503,0.7807224705605236
388,-0.08879926956662673,0.8334617278727238
389,0.3440775131562092,0.7857334268575915
390,0.5161170324064107,0.8383821423470744
391,0.29450424609382664,0.6969060765450857
392,1.0208619168373276,0.6177079024880388
393,1.055281478035858,0.4620756441108623
394,0.26833208403701425,0.10341703906450844
395,0.10578965975851143,0.7062938631596903
396,0.46691759590693566,-0.05972318226908288
397,0.8587822710073058,0.6670828156401146
398,-0.23194218719780896,0.6281187428439707
399,0.6349832632815927,0.04956308102911722
400,0.06926277684831207,0.9192115239330466
401,0.4437516956308331,0.638441783101953
402,0.26751017560715123,0.803648976903834
403,0.014129337794191371,0.7989860987680198
404,0.4607700498813684,0.8118929409398624
405,0.3433337647260625,-0.004353410159936871
406,0.016200021542315535,0.6811002704136273
407,0.26008772859376966,0.7807613522367679
408,0.9471441232529468,0.7015477060387575
409,0.048197498092615296,0.6263085626188671
410,0.4200282194029848,0.5821305156186396
411,0.24695520704213236,0.7342920989155204
412,1.0986115974621402,0.6015639265921418
413,1.0101441312612378,0.7618866932873951
414,0.363237286978454,0.7620452591012057
415,0.9049869267760773,0.527148385599921
416,0.5490494653407965,0.7971341366138676
417,0.02846650139350059,0.8184574460295796
418,0.8386118540139857,0.5587016153872345
419,1.1972473765339104,0.6278038756087415
420,1.041186408352588,0.5062908988217468
421,0.4797283441161446,-0.14570681374501696
422,0.5941755454324512,0.7858807626187392
423,0.9927814812809261,0.5941862442593213
424,0.45597478615187237,0.6051113661399573
425,0.5333995202193398,0.09529321305188508
426,0.9553001931619127,0.5076543453740819
427,0.7818627249560728,0.4507163598345463
428,0.619723693278571,-0.05411570857612635
429,0.3998600313766887,0.7179503710996142
430,0.3658845363679471,0.6662460545636844
431,0.043967127009556725,0.7953532908828711
432,0.9375457450753178,0.5913578389319346
433,0.3254186645982799,0.7850100687609761
434,0.537770346277504,0.7586448965733904
435,0.4818295391369306,0.2116878378492314
436,0.5166836296912256,0.7988114823377155
437,0.5162726523987761,0.7384079474608071
438,0.5968054838714867,-0.21852196542061803
439,0.4797002059320692,0.1332672497580612
440,1.0509831039791377,0.544057438836756
441,1.1270323114554883,0.6385050932521139
442,0.6278228417927614,0.552602214214875
443,0.20198086161698608,0.04832439968819023
444,1.0196302654959517,0.4966576885681252
445,0.5505649211734649,0.6556792423490262
446,0.3284439493012517,-0.07416105580096663
447,0.37913026916126874,0.6367932013653766
448,1.0203855231272096,0.5545082873152987
449,0.43259538732348385,-0.014684512149330031
450,0.2114587952960295,0.6617726525101453
451,0.4249712348367329,0.14927624455552857
452,0.5017877574753143,0.8125836539790174
453,0.15479394930414775,0.8237501229749279
454,0.4921338462099386,0.11193491252032137
455,0.6507565923193102,0.7394889726368045
456,0.5457705153219198,0.0922799598000271
457,1.057182250766745,0.714339105532038
458,0.4938420634514642,0.6778716157210501
459,0.8758293291717533,0.5576140883401158
460,0.44173621951955433,0.8250939005994107
461,0.5084159678071003,0.9183264327317955
462,0.6509766774717395,-0.005295805868507572
463,0.573399679732838,0.5621886863966942
464,0.41767466887569316,0.09483628793323758
465,0.4631008906932544,0.09251834453399684
466,0.07176968638789256,0.6348509223254571
467,0.5281046854469446,0.07136880716006253
468,0.43598399955639955,0.8315625558504294
469,0.4844200689170123,0.17059430566166595
470,-0.06784608228988934,0.645555935751068
471,0.5154055437699494,0.9118325879817818
472,0.4650234214174681,0.7473917645029904
473,0.5348267557700108,0.17171224787574774
474,0.46862378733433363,0.0015146784042019967
475,0.24426023013409015,0.7196677307457837
476,0.3794678636045693,0.7862811376544817
477,0.31197131743432505,0.9829297191104964
478,0.8623899073157102,0.6884164367451141
479,1.1042283353190239,0.5291587361364097
480,0.48472001986081137,0.6058012688422924
481,1.0409833019125427,0.6339353989469366
482,0.3101481700017319,0.891095937259982
483,0.3648544472306391,0.6693391205965211
484,0.109505710922807,0.8534214506778506
485,0.2223454666660806,0.7861764288747827
486,1.0020118411664132,0.5149740304460556
487,0.11785855080375823,0.6875643265687928
488,0.46395203368575116,0.7383947227794481
489,0.3789213090443946,-0.05414214385521887
490,0.4288756394858817,-0.05774657486685872
491,0.5207268382627253,0.19080441130477166
492,0.08512378183379674,0.6462667372445452
493,0.2643472653180847,0.7729532750746975
494,0.12683822679363232,0.7537831507209499
495,0.4157394375140809,0.7466077856843905
496,0.5452245214238041,0.1493637025049377
497,-0.12895526145357725,0.9862983473463994
498,1.038059258238279,0.369439787517306
499,1.11181829641363,0.6283118998751402
500,1.042920833286421,0.3916405602707743
501,0.36857619263451896,0.10000674227551454
502,0.053290474879495855,0.8794121631844353
503,0.4256241440664936,0.7089940202481115
504,0.14463116134617685,0.737925299081085
505,0.3830253040011492,-0.02425400749569559
506,0.8893773268599019,0.5209166841573545
507,1.1054557286355053,0.5217596169524208
508,0.5451804992160686,0.8297261949472938
509,0.34016216957400697,0.9781373252885696
510,0.4417735628735624,0.8853220997825474
511,1.0312331679053122,0.5470534785052019
512,0.38339437315966446,0.24934460805114783
513,0.36218635373459207,0.7926008278592434
514,0.39536523124467404,-0.012851622303623245
515,1.121661474229387,0.5322884708692532
516,0.495053719431731,0.7572581986733447
517,0.996108822025118,0.5618201640208196
518,0.6180276261480813,-0.01391198157468343
519,0.010829102665960585,0.7012582399212536
520,1.2360919389748923,0.5602811776837501
521,0.4764288979813002,0.16665960388214562
522,0.004594479736855173,0.8711450823253621
523,1.118417575830347,0.49418151018936396
524,0.4663893014747921,0.10059984546890367
525,0.9637759622106934,0.4941710112049977
526,0.3380114322350236,0.8713324454092041
527,0.21004029216770764,0.7095110746144365
528,0.22877510227473202,0.5922861326370654
529,0.6089979330572977,0.09241040805822721
530,0.13488677364237833,0.6202630109133008
531,1.0814002387957964,0.516419604150839
532,0.03917707311308382,0.7185664338444702
533,0.4158385973321081,0.8193822597882524
534,0.6894903697512694,0.7709772958447421
535,0.30122071269905903,-0.08342079534264188
536,1.1808355045656056,0.5832965336248338
537,1.0092840704989143,0.6479216582975336
538,0.39500262485593657,0.6401166167688067
539,0.820336457237361,0.4683026984109317
540,1.0333014947756953,0.548067916294042
541,0.9994310866650703,0.48188479611118074
542,0.4157396549113406,-0.0458604328154083
543,0.28716949829547456,0.7672123623607403
544,1.0125719548595684,0.5151955039431527
545,0.563367002784309,0.892303757486089
546,0.37555706123076515,0.6557212540431211
547,1.0190395728784292,0.522391390411589
548,0.02949247080881856,0.6803172013686782
549,-0.09452563094274843,0.5996089263921405
550,0.47405209438721607,0.7219362634623976
551,-0.014554297273381422,0.6640000852337251
552,0.5027704429130581,0.7918966754783969
553,-0.05782827333329085,0.8684908729067617
554,0.4041107200321924,0.11412468599003064
555,0.8040447769514392,0.4034818837655919
556,0.8620613155283133,0.35504889643059245
557,0.12975311014635688,0.7432935394158091
558,1.102933134770528,0.23082378392401215
559,0.2545712153380627,0.6734804612817227
560,0.5141670249050474,0.667007636976658
561,0.8049909641246695,0.570761174754441
562,0.5278705421862238,0.7892672649346106
563,0.4773984490195711,0.10763765509875634
564,0.535467130219857,-0.0820658642016622
565,0.5844080819250079,0.18837338362121814
566,0.12625856422305026,0.7075303235805482
567,0.25292437716689053,0.7469774170488082
568,0.3023029880365833,0.8668227251654972
569,0.4448469908670973,0.6403889768909328
570,0.4681827811422855,-0.09146256347102735
571,0.9539741722161249,0.6093148738745714
572,0.42202296802031236,-0.12088606959800119
573,0.4392007318757514,0.6187008084783598
574,0.5310243142379543,0.1273108961627444
575,0.17840521445430446,0.7303325993787008
576,0.38909432905026264,-0.15037917215870553
577,0.13330562421940007,0.8148296396643369
578,0.07621925078816404,0.6044463616055725
579,0.4950229132870323,-0.0033988948133900493
580,0.9670201705563148,0.5846155861510016
581,0.08850815169733688,0.9578214153625583
582,0.03362388030265315,0.8584739903939254
583,0.32620930728205616,0.7526636108326027
584,0.007607365034930161,0.6450875462241219
585,0.877458329755884,0.5036949580379826
586,0.5156892971816083,0.10760211490956624
587,0.9232579940234494,0.5202293078434589
588,0.5394633314226018,0.7084291809569276
589,0.4707399662801773,0.6416129228743712
590,0.493791143677158,0.19380118693682138
591,1.056963915583681,0.38998058820926995
592,1.0946474275848075,0.5415568349279339
593,0.040141458107460525,0.8587692496518143
594,0.1855021695984395,0.9513568169270238
595,0.8826043421502463,0.4220885387507344
596,0.5261802508347502,0.08104177850187975
597,0.487021256039656,-0.06080983031617895
598,0.4439139048430708,0.7037025898237654
599,0.25236334576922037,0.6739324547666176
600,0.47404613823526304,-0.13169377089507597
601,1.1646069202844926,0.621113826888811
602,0.3059858933818823,0.8673975880938999
603,0.014802434953735483,0.8563884027445614
604,0.10856006503983641,0.636010135118789
605,0.1400195726552012,0.79298108996634
606,0.3102134132102078,0.5393429648414411
607,0.4689339031976521,0.25711746934637736
608,-0.006696658433106642,0.6268789228521809
609,0.05702274333897913,0.6021175069442637
610,0.8782930418962263,0.55953832957066
611,0.38898765053298295,0.8624626027904082
612,0.7546514296333424,0.6579183262702408
613,0.21898040503884075,0.795603190610533
614,0.42068094470842865,0.7397876816397084
615,1.0136710953000403,0.5847554199544944
616,0.5144224459938214,0.04065092927944962
617,0.423250720451399,0.5465914817085782
618,0.11462047454970836,1.0046782975208846
619,0.9540038202249166,0.5400427954480883
620,0.47712492220988784,0.062407384504289516
621,0.00807105431089962,0.7421768885625051
622,0.1945418120569241,0.6620683853578572
623,1.108367343393034,0.6264897359594308
624,0.9445912817184038,0.39045547414331716
625,0.06934893869828415,0.7623925906104193
626,0.5091370023134536,0.041435153515057374
627,1.0524262462535354,0.37456684718547795
628,0.9264932972032287,0.3890354813562814
629,0.540097161900765,0.10586567058411159
630,0.46112919910124484,0.8359606360582423
631,0.6585855798841951,0.013578950921970284
632,0.4136434363853179,0.016120433702506563
633,0.9200828008099082,0.6573164637102862
634,0.26403241045009196,0.7105429615769213
635,0.828740482256729,0.4494791065270678
636,0.9617942387454335,0.3587711332984257
637,0.2873412068813892,-0.0546742255251112
638,0.49023905928030714,-0.08746568182624181
639,0.18124794430828264,0.7382713603881128
640,1.0290954123235512,0.5582468228590425
641,0.4265136442297749,0.6736427699245847
642,0.5157386989533392,0.6488529856583468
643,0.9875333190443293,0.4840806865507248
644,0.5581484275654071,0.7091910710811804
645,1.0555969350512366,0.6068527204098927
646,0.19693650878554186,0.8779744907239113
647,0.4403383785128997,0.08609691782640135
648,0.43253349968134025,0.6021198663325992
649,0.584622933634682,0.07117635471700359
650,0.4032635381743119,0.05014659851988845
651,0.46918504840643926,0.8685236134506873
652,1.1252694089299755,0.6946029621484394
653,0.5104739023740031,0.8820765025119114
654,0.07853276322801322,0.7370119328845154
655,0.45628533243305186,0.06606387624085698
656,-0.0480434620116444,0.7284260699697436
657,0.5798399376842603,0.010076835849369234
658,0.43625678449909544,0.853948660759959
659,0.3926446717169221,-0.02530889725092693
660,0.9459937775099582,0.4063727447649602
661,-0.009259089064196327,0.829738746674319
662,0.5359769592203015,-0.07013569905906702
663,1.153509915134645,0.7079457404094587
664,0.47974336859490585,0.005475712806238889
665,0.1445911832411771,0.7058892280994784
666,-0.017719622049936976,0.7667912272308648
667,0.5891332853869417,0.674213093137254
668,0.012210733619977251,0.8481047742492798
669,0.5824553892034754,0.163886871405478
670,0.9324371598949599,0.40565161258439264
671,0.7374997291819635,0.2993756318368116
672,0.47917292067501377,0.16584405890424886
673,0.1727283378130981,0.8082824346235936
674,0.552790579195463,0.5537664777285793
675,0.1488064866944037,0.88749503827076
676,1.0920368700462626,0.5582166296404482
677,0.4884788737516651,0.17362422900911018
678,0.346434654999904,0.5943278093399265
679,0.7013816425583678,0.14929626392447512
680,1.0728105849756564,0.5519610987609155
681,1.0976741098757503,0.6548179058617967
682,0.3281334588672372,0.7448064569512773
683,0.2908479657087939,0.8016137002042323
684,0.4098688810704125,0.8893076561581809
685,0.023765317426665294,0.8083496855733278
686,-0.09203139498985169,0.8814202857862037
687,0.6314887037830704,0.10353680622760733
688,0.014616094464909898,0.7436905693981423
689,0.024211055843525973,0.8008909979377746
690,0.21093721701991583,0.8108877039935666
691,0.14013353534140688,0.8020869760975619
692,0.48365196623795614,0.7529834372298366
693,0.9249493856161052,0.49656523535421665
694,1.0623494110857896,0.49257996962957185
695,1.0916665716702891,0.5712337321852828
696,0.9459616941342142,0.511330149377123
697,0.06542292118935741,0.8323699755060389
698,0.3316846999846542,0.6898808906506372
699,0.9702597213916516,0.4128720172454914
700,1.0472598079786486,0.5990043909761791
701,0.34909160932298544,0.17975574876063827
702,0.10767314619166915,0.7400494640796652
703,1.117545509488919,0.3377077609934746
704,0.7096273353241228,0.3850164569775199
705,0.0020529368535004006,0.8871658053976642
706,0.498298009676835,0.618725146877525
707,1.0205496006032773,0.42890761724023535
708,0.12348606528663533,0.6697688295676075
709,0.35218826870623493,0.20508226217863787
710,0.5519409736483287,0.732150304662721
711,0.7427969166229236,0.6067595392355
712,0.49216944264504564,0.10898560587029515
713,0.5700002734644104,0.07507622703700287
714,0.7155123705492277,-0.027839704756321013
715,1.080121047744584,0.6895321672551249
716,0.887473503253355,0.5707273108430595
717,0.07508407071331286,0.772352446091408
718,0.00010582261882655097,0.8103495092330022
719,0.5934023936112758,0.0008206773011782548
720,0.4748221357309766,0.7348685557609942
721,0.04544786551021936,0.6851840225217778
722,-0.027704817004562385,0.7821965889820333
723,0.03759429504531836,0.9828260143162258
724,0.5276716930242957,0.11679112532911462
725,0.8647843663018793,0.5051799889420893
726,0.9915602582945119,0.6243158578191301
727,0.4265743249890029,0.167299600088759
728,0.26650110381394043,0.49753573560397574
729,0.9164934916337503,0.4519983806472624
730,0.9436743083117447,0.5985589712479326
731,0.056705558143160625,0.720841810353801
732,0.6177239249252241,0.010967498990577904
733,1.0011671814268956,0.3767936108040383
734,0.34562766042760634,0.6913250172885099
735,0.9779473574871969,0.4404139638273814
736,1.1855927238600648,0.5165365859245964
737,1.1601738742871894,0.3840372557637521
738,1.0110158092694141,0.46559438400022213
739,0.3607972280478042,0.07429682657791682
740,0.5510165823582708,0.7405142593159978
741,0.4309717347221456,0.7962430935862016
742,0.43251070458772456,0.06809398348411631
743,0.06302953585007721,0.5899326603118799
744,0.4976772026112493,0.9586519078819233
745,0.3645179453965188,0.2857653652114107
746,0.40612061256480503,0.11534306490675664
747,1.2143274881160555,0.6022795814563435
748,0.5538996274573014,-0.13632747270684056
749,1.095370588939839,0.2950869632930594
750,0.0357855038311885,0.5510872820429423
751,0.36911229113172306,0.5743124624911435
752,0.8692522651746438,0.5267728535354188
753,-0.01014070978461741,0.8173558272138722
754,0.48060885552450955,0.9331777786985814
755,0.8511273728655366,-0.0053517892324885935
756,0.9048309607617472,0.5050259507970737
757,-0.04305090285186114,0.6749171111325772
758,0.48785476985978016,0.13520849264726062
759,0.5510879277350548,0.8656918570728059
760,1.0602542291572445,0.38969276658970786
761,0.6003895847582501,0.7587132909553151
762,0.9936752848395928,0.5563208364175011
763,0.42420121025293883,0.6704129485425168
764,0.5814546835741097,0.16748850364341178
765,0.4941264212861806,-0.014828865758625145
766,0.1251365149855552,0.5037670454330756
767,0.5789096521567711,0.8820424665984804
768,0.4147531709696002,-0.09829341970664812
769,0.4577742319034443,0.7392851971078577
770,0.3861018482685322,0.10916097217894594
771,0.06638736634467673,0.7663543383845961
772,0.492815008125817,0.6956049437346916
773,0.4232945410988086,-0.06850533099802616
774,0.4574809824471533,0.6962667727964177
775,0.5475775165680715,-0.1017122943000483
776,-0.11476659838826242,0.8435600781380466
777,0.6513774962448602,-0.06661938516368149
778,0.41006312385922145,0.08983786419821396
779,0.5996037123314735,0.7336556480478638
780,0.050476656050196064,0.8937166982495209
781,0.4838595947084121,0.711559755390464
782,0.4524657771620534,0.7065609720319693
783,0.548557312028708,0.1537055151061511
784,0.13897120915700434,0.880453630252838
785,0.5648535315014213,0.7536196521376779
786,0.5591454306578685,-0.014389241464997468
787,0.5381467639947535,0.1291225133907493
788,0.9383241701027668,0.5439796897744934
789,-0.005399735308927567,0.7991495621220065
790,0.06634722618447073,0.9498725219147828
791,1.08592325207993,0.46549106279951236
792,0.647747951096256,0.7918543271603037
793,0.7478925494890897,-9.609488288268853e-05
794,1.2787230110117458,0.7964414637487411
795,0.39931332366798905,0.6894811362610891
796,0.4195751218822279,0.04812264894240534
797,0.618607004322904,0.6694685441602581
798,0.9175000360269356,0.33232749680965695
799,0.4787522789036334,0.040067142583261085
800,0.1311828013517901,0.8475816911957033
801,-0.1542100379861636,0.8702593911366582
802,0.9336399991158992,0.7247301962525723
803,0.5655488223348775,0.12271641466817995
804,0.8523044514188745,0.5507848486565334
805,0.42520382136721946,0.64922955418097
806,0.006649187808096826,0.8382158225687102
807,0.8544403051950399,0.5194378450523952
808,1.0471065255104077,0.5521452615986513
809,0.4005273923229034,0.6562800717163612
810,0.3720174543134634,0.7273312130501436
811,0.5623347753347909,0.11127959247804535
812,0.9131497204992838,0.6032523915412052
813,0.3800206193186913,0.8433592038312787
814,1.130807973635596,0.4962462174343284
815,0.13086875138064394,0.7917487040085894
816,0.4836116421469368,0.7175445272026264
817,0.11666427667951063,0.7672501084193177
818,0.6535382847959254,0.137279322964654
819,0.5927442599282549,-0.010569781885431381
820,0.37474667029798375,0.4234335635432537
821,0.9840593154709201,0.663870797928285
822,0.9168664301097558,0.5331704311252994
823,1.0964018294251479,0.4463562495580846
824,0.5329941164058518,0.5790223845886859
825,0.9820666137015277,0.4908523154493633
826,-0.06718805722959825,0.8300812045582187
827,0.7369250492816161,0.08301480998193483
828,0.7539237862099715,0.08042212719073553
829,0.43894636598995945,0.0062824184375225856
830,0.22664014141564826,0.7586454955383586
831,0.3995238082684193,0.6460903931511097
832,0.16958325868579632,0.7650920898459933
833,0.3419623154671582,0.5807886313148809
834,1.007470429310242,0.6226086030923723
835,1.1083266521062667,0.5091851995951808
836,0.2516515579157221,0.7572702731328089
837,0.8697158036604165,0.39181822330592686
838,0.523718733414327,-0.05504028378446277
839,1.003571069315259,0.6780805637056276
840,0.49139868059160785,0.7490356412331413
841,0.20077246667073972,0.8613109357965085
842,0.4501559967266545,0.1618937779841668
843,0.04750990272187904,0.8098996274671046
844,0.05682013909312811,0.8391573165002604
845,0.3672508098105066,0.6264285889344068
846,0.42142675633490523,0.12416676491795445
847,0.12410085893987788,0.74855533837666
848,0.5708068362801191,0.674683245130733
849,0.34758364619057597,0.6329410210217977
850,-0.06067768252396227,0.8530342307828537
851,0.6347188505230882,-0.10577976505807271
852,0.4705456242114935,0.17172079277122942
853,0.5688460285984036,0.014228327205754232
854,0.9092917501778257,0.3644698540870822
855,0.6289126817620985,0.13636667148446635
856,0.522201414757027,0.6059933751936
857,1.0670288832412724,0.4106222247673241
858,0.06554158202662441,0.6397763252673769
859,0.8754095789486813,0.09833396849683215
860,0.9243413812575985,0.6087479735165113
861,0.019979003501822988,0.5585518160752728
862,0.9469096161189016,0.4032014549487654
863,0.9818437515033076,0.7395360774561016
864,0.5268980267916711,0.6325533531480063
865,0.6457499233048516,0.17320037069245667
866,0.532458516825265,0.14096603076420577
867,0.1780740899403065,0.8399686438320696
868,0.11838838725142145,0.8571165351403497
869,0.24137825849260475,0.7953523457857504
870,0.0713410630979944,0.8517744682580983
871,0.47344134543984556,0.19820859161918364
872,0.3341335993969094,0.11885246062919985
873,1.0120685843619872,0.5870706970444972
874,0.9878427668646788,0.702011119305407
875,0.175662578368568,0.9111449685900741
876,0.31091220443038936,0.17194166522971058
877,0.9885933573318734,0.466808422902083
878,1.2085604072628242,0.4715863626514198
879,-0.04163217899531342,0.8619199841258719
880,0.2894018526601117,0.751760763788587
881,0.07461343982272375,0.8338926414343191
882,0.08717312652343019,0.9237427443134902
883,0.06361737447288801,0.728005062125292
884,0.18454896534627865,0.6991790240871986
885,0.29815749223620125,-0.14562308650536818
886,0.2258435370819611,0.0742486588150593
887,-0.06686212208797185,0.8233097368740527
888,0.7940579130318383,0.18574047883206085
889,-0.0441136951860161,0.926116354961467
890,0.3784286963207833,0.0991715899799405
891,1.1702786016530615,0.549700314696649
892,0.9772697911568875,0.5044115623931607
893,0.35410192619527864,-0.00709386511810553
894,1.1320552039997416,0.3041399772652522
895,0.03194390631925282,0.7627004635845187
896,0.4199972489062538,0.8162783055680121
897,0.3405277562201142,-0.047159021126049444
898,0.2981338842843616,0.12370034426316426
899,0.07500884222819544,0.919218805239765
900,0.8574051125255199,0.5866314542092621
901,0.5144356698415234,0.8026008524476469
902,0.9637849548468257,0.712521121031437
903,0.9259280715721294,0.6052542785092916
904,0.412640210754527,0.1350174904551421
905,1.112288935645566,0.34255947624310834
906,0.4275169805867449,-0.12895035711423872
907,0.06550952224101927,0.7075322141349434
908,0.07678159932934231,0.7454052837151254
909,0.08796428334749404,0.594538205089344
910,0.8292804857622521,0.5460790028819857
911,0.3404423453943466,0.05547017384599316
912,0.48825176924321373,0.07967072160274337
913,1.0495623423182163,0.6039587987549391
914,0.1834767254518747,0.8703306540435168
915,0.06683074432996776,0.8992273844745157
916,0.5121162327978178,0.2392861238108329
917,0.5627327007206067,-0.010046107155880168
918,0.9714891041988342,0.4198101962441292
919,1.022952293184132,0.5964616025367816
920,0.4988295823927314,0.10261337289888975
921,0.5187298558951453,0.5849644725179443
922,0.37978236163221024,0.7417332914889544
923,0.35068410373586845,0.7893206016283295
924,0.48290492427142967,0.09204200831104198
925,0.5266677297918435,0.01698148582472961
926,0.4585873896781878,0.8257632083627868
927,0.336934768323478,0.14741449126696743
928,0.4121765332053468,0.5952893858378902
929,0.2514812075406423,0.5453836727175085
930,0.3435524698225817,0.7282219381216442
931,0.1036521711670596,0.7050122186455621
932,0.4113401514196948,0.6696842976549058
933,0.5121868803459958,0.03774201622525742
934,0.47249730041901283,0.7529352936741442
935,0.3699763124306307,0.7024521110210188
936,0.98106142830994,0.5820744839285552
937,0.42020968778215306,0.14037265119448555
938,0.01943629991505364,0.765833711951714
939,0.13677141776230387,0.8735199622632257
940,0.401297746320655,0.7999192365518796
941,0.314972739408514,0.6919223807019411
942,0.43911400035165576,0.8788686974725004
943,0.47821609181475844,0.16855949132631712
944,0.6038041848008735,0.7816611075129043
945,0.48052109826266104,0.7417691278897943
946,0.36566719609400533,0.7097756799506836
947,0.017069130094982017,0.783835657212873
948,0.4702421114901594,0.049158831228147855
949,1.136428005330576,0.6808353871248694
950,0.23389097847176213,0.7841736322896331
951,0.45265223040242203,0.13718094577333312
952,0.4283629914425855,0.0947318782448609
953,0.5015810881739162,0.7407363479279987
954,0.5190366238260556,0.07422432169480118
955,1.0555118842468612,0.4611883748478033
956,0.6026357688410879,0.00445749659736612
957,0.48404461803454985,0.10667462743694636
958,0.42793152179924926,0.22139852098992593
959,1.024394064222502,0.45864227937938606
960,0.4828638850862602,0.7053603400899717
961,1.0540377892006292,0.4173851112346015
962,0.5209478543049183,0.1506132881637134
963,0.23055660440085257,0.8878733767855068
964,0.42366435467056385,-0.009618674021947687
965,0.9852249634466894,0.38909764222827503
966,0.024704039359754536,0.8108348775094105
967,-0.1301331909381604,0.7137028582734337
968,0.3708316813585766,0.6211581201707815
969,0.4571123229169086,0.11050156382042824
970,0.4011265890146676,0.5904870170317336
971,0.5705729962711701,0.6929699033626184
972,0.46159495115787214,0.8160794666213189
973,0.09224404062183673,0.858698671404188
974,0.06307056961727245,0.7489711581812266
975,0.8365536680482777,0.45407621581752317
976,0.9093860250891826,0.49946425989678417
977,0.4156297532903561,0.027595220282041318
978,0.04526328871328045,0.8111241714303707
979,0.9108495433351043,0.5039038335720855
980,0.4334966860542283,0.7863789964099552
981,0.51387525472168,0.5098858866384745
982,0.39329749405062864,0.046920694220590295
983,0.3636702923417876,0.6452068884607998
984,0.08645168789511871,0.8051765657956463
985,0.5567950795660622,0.05119618753301616
986,1.0889405494731124,0.5690633705151615
987,0.5696645885463323,0.05955406136482598
988,1.0156009027491493,0.5196980337114471
989,0.294530452057021,0.6068324291169317
990,1.141007890472892,0.5552458074899227
991,0.5608047542445529,-0.1080177792829132
992,-0.1536165984169631,0.7873019779976088
993,0.46999017543835453,-0.02705432560786196
994,0.952998751752897,0.5286624623460703
995,0.46177184273934935,0.6482240506072987
996,0.986483291475609,0.7245550175797164
997,0.3876785024824714,0.7103411957645127
998,0.538764738558848,0.7792807781265227
999,0.46860103602327896,-0.10545902811239188
